Af93Da,202230456,9789562911122,16 May 2022,16 Jun 2022,23 May 2022
d68A1e,202230457,9781388266783,29 Apr 2022,29 May 2022,25 May 2022
fF3001,202230456,9781107665644,17 Apr 2022,17 May 2022,3 May 2022
b88ed1,202230458,9780020547204,9 Mar 2022,9 Apr 2022,21 Mar 2022
45c338,202230458,9789715507813,23 May 2022,23 Jun 2022,NULL
4aAb56,202230457,9781405087247,30 Apr 2022,30 May 2022,11 May 2022
56bb90,202230456,9780717803026,12 Mar 2022,12 Apr 2022,28 Mar 2022
2E781d,202230457,9781784162122,1 Apr 2022,1 May 2022,24 Apr 2022
33dAe5,202230456,9780679734529,18 Apr 2022,18 May 2022,9 May 2022
9902e2,202230458,9780312572938,27 Apr 2022,27 May 2022,NULL
86e7Aa,202230458,9780394758350,15 Mar 2022,15 Apr 2022,25 Mar 2022
aa89bB,202230456,9781611806885,19 Apr 2022,19 May 2022,27 Apr 2022
778eeB,202230456,9780521602617,21 Apr 2022,21 May 2022,18 May 2022
09ef12,202230457,9780679724650,10 Apr 2022,10 May 2022,17 Apr 2022
6674dc,202230457,9780394704371,11 Mar 2022,11 Apr 2022,14 Apr 2022
bea990,202230457,9780192829092,3 Apr 2022,3 May 2022,28 Apr 2022
fc99C1,202230458,9780141988511,2 Mar 2022,2 Apr 2022,13 Apr 2022
3AacF5,202230456,9780060884826 ,12 Apr 2022,12 May 2022,28 Apr 2022
ff23a5,202230457,9780048231888,29 Mar 2022,29 Apr 2022,22 Apr 2022
FeA3eC,202230456,9789712715464,5 Apr 2022,5 May 2022,16 Apr 2022
4aD1eF,202230456,9789712724169,8 Apr 2022,8 May 2022,20 Apr 2022